{"cameraMode":{"drawMode":0,"name":"Shaded","section":"Shading Mode"},"sceneLighting":false,"audioPlay":false,"sceneViewState":{"showFog":true,"showMaterialUpdate":false,"showSkybox":false,"showFlares":true,"showImageEffects":true,"showParticleSystems":true},"in2DMode":false,"pivot":{"x":-13.084686279296875,"y":16.173553466796876,"z":-71.18065643310547},"rotation":{"x":-0.024720050394535066,"y":0.9730880260467529,"z":-0.19250161945819856,"w":-0.12473615258932114},"size":210.8031463623047,"orthographic":false}