{"cameraMode":{"drawMode":0,"name":"Shaded","section":"Shading Mode"},"sceneLighting":false,"audioPlay":false,"sceneViewState":{"showFog":true,"showMaterialUpdate":false,"showSkybox":false,"showFlares":true,"showImageEffects":true,"showParticleSystems":true},"in2DMode":false,"pivot":{"x":-23.974735260009767,"y":-10.163948059082032,"z":-26.240018844604493},"rotation":{"x":0.04761587455868721,"y":-0.9470310807228088,"z":0.1667676717042923,"w":0.27038389444351199},"size":72.83522033691406,"orthographic":false}