{"cameraMode":{"drawMode":0,"name":"Shaded","section":"Shading Mode"},"sceneLighting":false,"audioPlay":false,"sceneViewState":{"showFog":true,"showMaterialUpdate":false,"showSkybox":false,"showFlares":true,"showImageEffects":true,"showParticleSystems":true},"in2DMode":false,"pivot":{"x":-4.514659881591797,"y":1.527923583984375,"z":-6.717933654785156},"rotation":{"x":0.07864206284284592,"y":-0.895767867565155,"z":0.1758144199848175,"w":0.40067848563194277},"size":59.55964279174805,"orthographic":false}