{"cameraMode":{"drawMode":0,"name":"Shaded","section":"Shading Mode"},"sceneLighting":false,"audioPlay":false,"sceneViewState":{"showFog":true,"showMaterialUpdate":false,"showSkybox":false,"showFlares":true,"showImageEffects":true,"showParticleSystems":true},"in2DMode":false,"pivot":{"x":379.7518005371094,"y":280.36083984375,"z":146.6527099609375},"rotation":{"x":0.08717060089111328,"y":0.027189599350094796,"z":-0.0024057100526988508,"w":0.995881199836731},"size":727.4667358398438,"orthographic":false}