{"cameraMode":{"drawMode":0,"name":"Shaded","section":"Shading Mode"},"sceneLighting":false,"audioPlay":false,"sceneViewState":{"showFog":true,"showMaterialUpdate":false,"showSkybox":false,"showFlares":true,"showImageEffects":true,"showParticleSystems":true},"in2DMode":false,"pivot":{"x":-78.66693115234375,"y":-103.48204040527344,"z":-124.01251983642578},"rotation":{"x":0.14850787818431855,"y":-0.8492527604103088,"z":0.32287389039993288,"w":0.39061781764030459},"size":261.4135437011719,"orthographic":false}