{"cameraMode":{"drawMode":0,"name":"Shaded","section":"Shading Mode"},"sceneLighting":false,"audioPlay":false,"sceneViewState":{"showFog":true,"showMaterialUpdate":false,"showSkybox":false,"showFlares":true,"showImageEffects":true,"showParticleSystems":true},"in2DMode":false,"pivot":{"x":-9.251049995422364,"y":-126.76457214355469,"z":98.15620422363281},"rotation":{"x":-0.007298985496163368,"y":0.8417117595672607,"z":-0.5398780703544617,"w":-0.011355779133737088},"size":441.52960205078127,"orthographic":false}