{"cameraMode":{"drawMode":0,"name":"Shaded","section":"Shading Mode"},"sceneLighting":false,"audioPlay":false,"sceneViewState":{"showFog":true,"showMaterialUpdate":false,"showSkybox":false,"showFlares":true,"showImageEffects":true,"showParticleSystems":true},"in2DMode":false,"pivot":{"x":-566.4837036132813,"y":-681.22216796875,"z":-563.9801635742188},"rotation":{"x":0.1376989483833313,"y":-0.8605568408966065,"z":0.31539905071258547,"w":0.37565892934799197},"size":1117.8077392578125,"orthographic":false}