{"cameraMode":{"drawMode":0,"name":"Shaded","section":"Shading Mode"},"sceneLighting":false,"audioPlay":false,"sceneViewState":{"showFog":true,"showMaterialUpdate":false,"showSkybox":false,"showFlares":true,"showImageEffects":true,"showParticleSystems":true},"in2DMode":false,"pivot":{"x":-125.22239685058594,"y":-59.89838409423828,"z":-235.57138061523438},"rotation":{"x":0.22316330671310426,"y":-0.7761802077293396,"z":0.39852768182754519,"w":0.4348066449165344},"size":622.5880126953125,"orthographic":false}