{"cameraMode":{"drawMode":0,"name":"Shaded","section":"Shading Mode"},"sceneLighting":false,"audioPlay":false,"sceneViewState":{"showFog":true,"showMaterialUpdate":false,"showSkybox":false,"showFlares":true,"showImageEffects":true,"showParticleSystems":true},"in2DMode":false,"pivot":{"x":7.271152496337891,"y":0.32053741812705996,"z":-4.159039497375488},"rotation":{"x":-0.07343799620866776,"y":0.9120814800262451,"z":-0.187557652592659,"w":-0.35712388157844546},"size":22.81982421875,"orthographic":false}