{"cameraMode":{"drawMode":0,"name":"Shaded","section":"Shading Mode"},"sceneLighting":false,"audioPlay":false,"sceneViewState":{"showFog":true,"showMaterialUpdate":false,"showSkybox":false,"showFlares":true,"showImageEffects":true,"showParticleSystems":true},"in2DMode":false,"pivot":{"x":-59.34014892578125,"y":-84.66436767578125,"z":-96.5594482421875},"rotation":{"x":0.13596878945827485,"y":-0.859870970249176,"z":0.2991580367088318,"w":0.39082807302474978},"size":207.6311492919922,"orthographic":false}