{"cameraMode":{"drawMode":0,"name":"Shaded","section":"Shading Mode"},"sceneLighting":false,"audioPlay":false,"sceneViewState":{"showFog":true,"showMaterialUpdate":false,"showSkybox":false,"showFlares":true,"showImageEffects":true,"showParticleSystems":true},"in2DMode":false,"pivot":{"x":-175.707763671875,"y":-119.23387908935547,"z":-314.3005676269531},"rotation":{"x":0.010234336368739605,"y":-0.8604590892791748,"z":0.5091512799263,"w":0.01730685867369175},"size":754.4510498046875,"orthographic":false}