{"cameraMode":{"drawMode":0,"name":"Shaded","section":"Shading Mode"},"sceneLighting":false,"audioPlay":false,"sceneViewState":{"showFog":true,"showMaterialUpdate":false,"showSkybox":false,"showFlares":true,"showImageEffects":true,"showParticleSystems":true},"in2DMode":false,"pivot":{"x":-4.390892028808594,"y":-0.790441632270813,"z":0.6052141785621643},"rotation":{"x":0.07225817441940308,"y":-0.7129454612731934,"z":0.07427547127008438,"w":0.6935470104217529},"size":11.49158763885498,"orthographic":false}